{ "products": 
	[
		{
			"id": "1",
			"name":  "Pretty Chair 1",
			"price": {
				"value": 49.90,
				"currency": "kr"
			}, 
			"info": {
				"material": "wood with cover",
				"color": "white"
			},
			"type": "chair",
			"imageUrl": "https://shop.static.ingka.ikea.com/PIAimages/0462849_PE608354_S4.JPG"
		},
		{
			"id": "2",
			"name":  "Comfy Couch 1",
			"price": {
				"value": 103.50,
				"currency": "kr"
			}, 
			"info": {
				"numberOfSeats": 4,
				"color": "beige"
			},
			"type": "couch",
			"imageUrl": "https://shop.static.ingka.ikea.com/PIAimages/0667779_PE714073_S4.JPG"
		}, {
			"id": "3",
			"name":  "Comfy Couch 2",
			"price": {
				"value": 339.50,
				"currency": "kr"
			}, 
			"info": {
				"numberOfSeats": 3,
				"color": "gray"
			},
			"type": "couch",
			"imageUrl": "https://shop.static.ingka.ikea.com/PIAimages/0556706_PE660542_S4.JPG"
		},
		{	
			"id": "4",
			"name":  "Comfy Couch 3",
			"price": {
				"value": 749.50,
				"currency": "kr"
			}, 
			"info": {
				"numberOfSeats": 2,
				"color": "black"
			},
			"type": "couch",
			"imageUrl": "https://shop.static.ingka.ikea.com/PIAimages/0320948_PE514802_S4.JPG"
		},
		{	
			"id": "5",
			"name":  "Pretty Chair 2",
			"price": {
				"value": 69.20,
				"currency": "kr"
			}, 
			"info": {
				"material": "plastic",
				"color": "dark blue"
			},
			"type": "chair",
			"imageUrl": "https://shop.static.ingka.ikea.com/PIAimages/0727322_PE735594_S4.JPG"
		},
		{	
			"id": "6",
			"name":  "Comfy Couch 4",
			"price": {
				"value": 1439.60,
				"currency": "kr"
			}, 
			"info": {
				"numberOfSeats": 5,
				"color": "black"
			},
			"type": "couch",
			"imageUrl": "https://shop.static.ingka.ikea.com/PIAimages/0630092_PE694645_S4.JPG"
		},
		{	
			"id": "7",
			"name":  "Comfy Couch 5",
			"price": {
				"value": 199.50,
				"currency": "kr"
			}, 
			"info": {
				"numberOfSeats": 2,
				"color": "multi"
			},
			"type": "couch",
			"imageUrl": "https://shop.static.ingka.ikea.com/PIAimages/0655887_PE709150_S4.JPG"
		},
		{	
			"id": "8",
			"name":  "Pretty Chair 3",
			"price": {
				"value": 49.90,
				"currency": "kr"
			}, 
			"info": {
				"material": "wood and metal",
				"color": "black"
			},
			"type": "chair",
			"imageUrl": "https://shop.static.ingka.ikea.com/PIAimages/0724693_PE734575_S4.JPG"
		},
		{	
			"id": "9",
			"name":  "Comfy Couch 6",
			"price": {
				"value": 499.50,
				"currency": "kr"
			}, 
			"info": {
				"numberOfSeats": 3,
				"color": "flanell"
			},
			"type": "couch",
			"imageUrl": "https://shop.static.ingka.ikea.com/PIAimages/0617825_PE688232_S4.JPG"
		},
		{	
			"id": "10",
			"name":  "Pretty Chair 4",
			"price": {
				"value": 49.50,
				"currency": "kr"
			}, 
			"info": {
				"material": "wood",
				"color": "black"
			},
			"type": "chair",
			"imageUrl": "https://shop.static.ingka.ikea.com/PIAimages/0154688_PE312833_S4.JPG"
		},
		{	
			"id": "11",
			"name":  "Pretty Chair 5",
			"price": {
				"value": 119.50,
				"currency": "kr"
			}, 
			"info": {
				"material": "wood with cover",
				"color": "black"
			},
			"type": "chair",
			"imageUrl": "https://shop.static.ingka.ikea.com/PIAimages/0728320_PE736188_S4.JPG"
		},
		{	
			"id": "12",
			"name":  "Pretty Chair 6",
			"price": {
				"value": 49.90,
				"currency": "kr"
			}, 
			"info": {
				"material": "wood",
				"color": "wood"
			},
			"type": "chair",
			"imageUrl": "https://shop.static.ingka.ikea.com/PIAimages/0579780_PE669907_S4.JPG"
		},
		{	
			"id": "13",
			"name":  "Pretty Chair 7",
			"price": {
				"value": 39.50,
				"currency": "kr"
			}, 
			"info": {
				"material": "plastic",
				"color": "white"
			},
			"type": "chair",
			"imageUrl": "https://shop.static.ingka.ikea.com/PIAimages/0728156_PE736116_S4.JPG"
		},
		{	
			"id": "14",
			"name":  "Comfy Couch 7",
			"price": {
				"value": 449.50,
				"currency": "kr"
			}, 
			"info": {
				"numberOfSeats": 3,
				"color": "multi"
			},
			"type": "couch",
			"imageUrl": "https://shop.static.ingka.ikea.com/PIAimages/0619738_PE689282_S4.JPG"
		}
	]
}
